ticker,sector,start_date,end_date
PYPL,Financials,2024-09-30,2025-03-31
CBOE,Financials,2024-12-31,2025-06-30
WRB,Financials,2024-09-30,2025-03-31
JPM,Financials,2024-12-31,2025-06-30
NTRS,Financials,2024-06-30,2024-12-31
CME,Financials,2025-03-31,2025-09-30
RJF,Financials,2024-06-30,2024-12-31
TROW,Financials,2024-12-31,2025-06-30
AIG,Financials,2024-06-30,2024-12-31
WFC,Financials,2024-12-31,2025-06-30
EG,Financials,2024-12-31,2025-06-30
AIZ,Financials,2024-12-31,2025-06-30
CFG,Financials,2024-09-30,2025-03-31
KKR,Financials,2024-09-30,2025-03-31
AIG,Financials,2024-03-31,2024-09-30
HOOD,Financials,2024-09-30,2025-03-31
PFG,Financials,2025-03-31,2025-09-30
BX,Financials,2024-12-31,2025-06-30
V,Financials,2024-12-31,2025-06-30
SPGI,Financials,2024-12-31,2025-06-30
MSCI,Financials,2024-12-31,2025-06-30
COIN,Financials,2024-12-31,2025-06-30
MET,Financials,2024-12-31,2025-06-30
STT,Financials,2025-03-31,2025-09-30
ICE,Financials,2024-09-30,2025-03-31
GPN,Financials,2024-12-31,2025-06-30
ERIE,Financials,2024-09-30,2025-03-31
CB,Financials,2024-09-30,2025-03-31
COIN,Financials,2025-03-31,2025-09-30
BLK,Financials,2025-03-31,2025-09-30
RJF,Financials,2024-12-31,2025-06-30
WFC,Financials,2024-09-30,2025-03-31
CPAY,Financials,2024-12-31,2025-06-30
NTRS,Financials,2024-03-31,2024-09-30
ICE,Financials,2024-12-31,2025-06-30
WTW,Financials,2024-12-31,2025-06-30
CINF,Financials,2025-03-31,2025-09-30
AFL,Financials,2025-03-31,2025-09-30
AJG,Financials,2025-03-31,2025-09-30
EG,Financials,2024-09-30,2025-03-31
SYF,Financials,2025-03-31,2025-09-30
IBKR,Financials,2024-12-31,2025-06-30
CFG,Financials,2024-12-31,2025-06-30
MA,Financials,2024-09-30,2025-03-31
RF,Financials,2025-03-31,2025-09-30
FISV,Financials,2024-09-30,2025-03-31
TFC,Financials,2025-03-31,2025-09-30
BAC,Financials,2024-12-31,2025-06-30
C,Financials,2025-03-31,2025-09-30
IBKR,Financials,2024-09-30,2025-03-31
AFL,Financials,2024-09-30,2025-03-31
AIG,Financials,2024-09-30,2025-03-31
JKHY,Financials,2024-06-30,2024-12-31
APO,Financials,2025-03-31,2025-09-30
CME,Financials,2024-12-31,2025-06-30
BEN,Financials,2024-09-30,2025-03-31
MTB,Financials,2025-03-31,2025-09-30
TRV,Financials,2024-09-30,2025-03-31
C,Financials,2024-12-31,2025-06-30
FIS,Financials,2024-09-30,2025-03-31
MS,Financials,2024-12-31,2025-06-30
GPN,Financials,2024-09-30,2025-03-31
COF,Financials,2024-12-31,2025-06-30
TFC,Financials,2024-12-31,2025-06-30
AON,Financials,2024-12-31,2025-06-30
MSCI,Financials,2024-09-30,2025-03-31
PNC,Financials,2025-03-31,2025-09-30
BEN,Financials,2025-03-31,2025-09-30
SPGI,Financials,2025-03-31,2025-09-30
BLK,Financials,2024-12-31,2025-06-30
COF,Financials,2024-09-30,2025-03-31
XYZ,Financials,2024-12-31,2025-06-30
MMC,Financials,2025-03-31,2025-09-30
PRU,Financials,2024-12-31,2025-06-30
ALL,Financials,2024-12-31,2025-06-30
COIN,Financials,2024-09-30,2025-03-31
BRO,Financials,2024-12-31,2025-06-30
GPN,Financials,2024-06-30,2024-12-31
SYF,Financials,2024-12-31,2025-06-30
WRB,Financials,2024-12-31,2025-06-30
FISV,Financials,2024-12-31,2025-06-30
C,Financials,2024-09-30,2025-03-31
HBAN,Financials,2025-03-31,2025-09-30
BRO,Financials,2024-09-30,2025-03-31
NTRS,Financials,2024-09-30,2025-03-31
FIS,Financials,2025-03-31,2025-09-30
FDS,Financials,2024-08-31,2025-02-28
PYPL,Financials,2024-12-31,2025-06-30
SCHW,Financials,2024-12-31,2025-06-30
PRU,Financials,2025-03-31,2025-09-30
JPM,Financials,2025-03-31,2025-09-30
PNC,Financials,2024-12-31,2025-06-30
NDAQ,Financials,2025-03-31,2025-09-30
JKHY,Financials,2024-09-30,2025-03-31
SCHW,Financials,2025-03-31,2025-09-30
FISV,Financials,2025-03-31,2025-09-30
JKHY,Financials,2024-12-31,2025-06-30
CB,Financials,2025-03-31,2025-09-30
FITB,Financials,2024-12-31,2025-06-30
FDS,Financials,2024-11-30,2025-05-31
AMP,Financials,2024-09-30,2025-03-31
ERIE,Financials,2025-03-31,2025-09-30
CME,Financials,2024-09-30,2025-03-31
AIG,Financials,2025-03-31,2025-09-30
AMP,Financials,2024-12-31,2025-06-30
NDAQ,Financials,2024-12-31,2025-06-30
CB,Financials,2024-12-31,2025-06-30
AON,Financials,2025-03-31,2025-09-30
BX,Financials,2025-03-31,2025-09-30
BRK-B,Financials,2024-06-30,2024-12-31
COF,Financials,2025-03-31,2025-09-30
AXP,Financials,2024-09-30,2025-03-31
WTW,Financials,2024-06-30,2024-12-31
AIG,Financials,2024-12-31,2025-06-30
PFG,Financials,2024-09-30,2025-03-31
KEY,Financials,2024-12-31,2025-06-30
BK,Financials,2024-12-31,2025-06-30
HOOD,Financials,2025-03-31,2025-09-30
ACGL,Financials,2025-03-31,2025-09-30
NTRS,Financials,2025-03-31,2025-09-30
BX,Financials,2024-03-31,2024-12-31
MTB,Financials,2024-09-30,2025-03-31
BLK,Financials,2024-09-30,2025-03-31
MCO,Financials,2024-12-31,2025-06-30
HIG,Financials,2025-03-31,2025-09-30
BX,Financials,2024-09-30,2025-03-31
V,Financials,2024-09-30,2025-03-31
PYPL,Financials,2025-03-31,2025-09-30
JPM,Financials,2024-09-30,2025-03-31
MA,Financials,2025-03-31,2025-09-30
IVZ,Financials,2024-12-31,2025-06-30
ICE,Financials,2025-03-31,2025-09-30
ERIE,Financials,2024-12-31,2025-06-30
AIZ,Financials,2025-03-31,2025-09-30
GS,Financials,2024-12-31,2025-06-30
MTB,Financials,2024-12-31,2025-06-30
STT,Financials,2024-09-30,2025-03-31
WTW,Financials,2025-03-31,2025-09-30
CBOE,Financials,2024-09-30,2025-03-31
RF,Financials,2024-09-30,2025-03-31
ACGL,Financials,2024-12-31,2025-06-30
AON,Financials,2024-09-30,2025-03-31
PNC,Financials,2024-09-30,2025-03-31
CINF,Financials,2024-09-30,2025-03-31
TROW,Financials,2024-09-30,2025-03-31
SPGI,Financials,2024-06-30,2024-12-31
FIS,Financials,2024-12-31,2025-06-30
MA,Financials,2024-12-31,2025-06-30
SPGI,Financials,2024-03-31,2024-09-30
ACGL,Financials,2024-09-30,2025-03-31
V,Financials,2025-03-31,2025-09-30
IBKR,Financials,2025-03-31,2025-09-30
SPGI,Financials,2024-09-30,2025-03-31
ALL,Financials,2025-03-31,2025-09-30
HIG,Financials,2024-12-31,2025-06-30
XYZ,Financials,2024-09-30,2025-03-31
AMP,Financials,2025-03-31,2025-09-30
BK,Financials,2024-09-30,2025-03-31
BAC,Financials,2025-03-31,2025-09-30
ALL,Financials,2024-09-30,2025-03-31
USB,Financials,2024-12-31,2025-06-30
PGR,Financials,2024-09-30,2025-03-31
SCHW,Financials,2024-09-30,2025-03-31
GL,Financials,2024-12-31,2025-06-30
AJG,Financials,2024-12-31,2025-06-30
