ticker,sector,start_date,end_date
ELV,Health Care,2025-03-31,2025-09-30
RMD,Health Care,2025-03-31,2025-09-30
IDXX,Health Care,2024-09-30,2025-03-31
BDX,Health Care,2024-09-30,2025-03-31
COR,Health Care,2024-12-31,2025-06-30
VTRS,Health Care,2024-06-30,2024-12-31
SYK,Health Care,2024-12-31,2025-06-30
LH,Health Care,2025-03-31,2025-09-30
GEHC,Health Care,2024-12-31,2025-06-30
HUM,Health Care,2024-09-30,2025-03-31
REGN,Health Care,2025-03-31,2025-09-30
ZBH,Health Care,2024-09-30,2025-03-31
VTRS,Health Care,2025-03-31,2025-09-30
MRK,Health Care,2024-12-31,2025-06-30
CAH,Health Care,2025-03-31,2025-09-30
DGX,Health Care,2024-09-30,2025-03-31
SOLV,Health Care,2024-12-31,2025-06-30
ZTS,Health Care,2024-06-30,2024-12-31
ZTS,Health Care,2025-03-31,2025-09-30
EW,Health Care,2025-03-31,2025-09-30
DVA,Health Care,2024-09-30,2025-03-31
ZTS,Health Care,2024-09-30,2025-03-31
STE,Health Care,2024-09-30,2025-03-31
ISRG,Health Care,2024-12-31,2025-06-30
BAX,Health Care,2025-03-31,2025-09-30
AMGN,Health Care,2024-09-30,2025-03-31
BMY,Health Care,2024-06-30,2024-12-31
WST,Health Care,2025-03-31,2025-09-30
ZBH,Health Care,2025-03-31,2025-09-30
RVTY,Health Care,2024-12-31,2025-06-30
CRL,Health Care,2024-09-30,2025-03-31
TMO,Health Care,2024-09-30,2025-03-31
A,Health Care,2024-07-31,2025-01-31
MDT,Health Care,2025-01-31,2025-07-31
CNC,Health Care,2024-09-30,2025-03-31
ABT,Health Care,2024-12-31,2025-06-30
TECH,Health Care,2025-03-31,2025-09-30
MCK,Health Care,2024-09-30,2025-03-31
INCY,Health Care,2024-12-31,2025-06-30
BSX,Health Care,2024-09-30,2025-03-31
DXCM,Health Care,2024-12-31,2025-06-30
MTD,Health Care,2024-09-30,2025-03-31
INCY,Health Care,2024-09-30,2025-03-31
AMGN,Health Care,2025-03-31,2025-09-30
CAH,Health Care,2024-09-30,2025-03-31
HUM,Health Care,2025-03-31,2025-09-30
UNH,Health Care,2025-03-31,2025-09-30
CAH,Health Care,2024-12-31,2025-06-30
DHR,Health Care,2024-12-31,2025-06-30
VTRS,Health Care,2024-09-30,2025-03-31
CI,Health Care,2024-09-30,2025-03-31
PODD,Health Care,2024-09-30,2025-03-31
MCK,Health Care,2024-12-31,2025-06-30
WAT,Health Care,2024-12-31,2025-06-30
RVTY,Health Care,2025-03-31,2025-09-30
DGX,Health Care,2024-12-31,2025-06-30
REGN,Health Care,2024-09-30,2025-03-31
DVA,Health Care,2025-03-31,2025-09-30
A,Health Care,2025-01-31,2025-07-31
VRTX,Health Care,2025-03-31,2025-09-30
CRL,Health Care,2024-12-31,2025-06-30
WST,Health Care,2024-09-30,2025-03-31
AMGN,Health Care,2024-12-31,2025-06-30
CI,Health Care,2024-12-31,2025-06-30
ISRG,Health Care,2025-03-31,2025-09-30
CRL,Health Care,2025-03-31,2025-09-30
RMD,Health Care,2024-09-30,2025-03-31
MTD,Health Care,2025-03-31,2025-09-30
SYK,Health Care,2024-06-30,2024-12-31
ELV,Health Care,2024-12-31,2025-06-30
GILD,Health Care,2024-12-31,2025-06-30
TECH,Health Care,2024-09-30,2025-03-31
MCK,Health Care,2025-03-31,2025-09-30
CNC,Health Care,2024-12-31,2025-06-30
DGX,Health Care,2025-03-31,2025-09-30
BDX,Health Care,2024-12-31,2025-06-30
BDX,Health Care,2024-06-30,2024-12-31
LLY,Health Care,2025-03-31,2025-09-30
DVA,Health Care,2024-12-31,2025-06-30
MOH,Health Care,2024-12-31,2025-06-30
STE,Health Care,2024-03-31,2024-12-31
WAT,Health Care,2024-06-30,2024-12-31
IQV,Health Care,2025-03-31,2025-09-30
EW,Health Care,2024-12-31,2025-06-30
BIIB,Health Care,2024-09-30,2025-03-31
LH,Health Care,2024-03-31,2024-12-31
REGN,Health Care,2024-12-31,2025-06-30
SYK,Health Care,2024-09-30,2025-03-31
A,Health Care,2024-10-31,2025-04-30
BAX,Health Care,2024-09-30,2025-03-31
VRTX,Health Care,2024-12-31,2025-06-30
HCA,Health Care,2025-03-31,2025-09-30
VRTX,Health Care,2024-09-30,2025-03-31
UNH,Health Care,2024-09-30,2025-03-31
PFE,Health Care,2024-12-31,2025-06-30
CNC,Health Care,2025-03-31,2025-09-30
GILD,Health Care,2025-03-31,2025-09-30
PFE,Health Care,2025-03-31,2025-09-30
TMO,Health Care,2025-03-31,2025-09-30
UHS,Health Care,2025-03-31,2025-09-30
SOLV,Health Care,2025-03-31,2025-09-30
ELV,Health Care,2024-09-30,2025-03-31
ZBH,Health Care,2024-12-31,2025-06-30
HOLX,Health Care,2024-09-30,2025-03-31
JNJ,Health Care,2025-03-31,2025-09-30
GEHC,Health Care,2025-03-31,2025-09-30
BAX,Health Care,2024-12-31,2025-06-30
CVS,Health Care,2025-03-31,2025-09-30
ALGN,Health Care,2024-09-30,2025-03-31
STE,Health Care,2024-12-31,2025-06-30
BSX,Health Care,2024-12-31,2025-06-30
ZTS,Health Care,2024-12-31,2025-06-30
HSIC,Health Care,2024-09-30,2025-03-31
MTD,Health Care,2024-12-31,2025-06-30
JNJ,Health Care,2024-12-31,2025-06-30
MRNA,Health Care,2024-12-31,2025-06-30
MRNA,Health Care,2024-09-30,2025-03-31
HUM,Health Care,2024-12-31,2025-06-30
PODD,Health Care,2024-12-31,2025-06-30
MOH,Health Care,2025-03-31,2025-09-30
MRK,Health Care,2024-09-30,2025-03-31
COO,Health Care,2024-10-31,2025-04-30
MOH,Health Care,2024-09-30,2025-03-31
WAT,Health Care,2025-03-31,2025-09-30
STE,Health Care,2025-03-31,2025-09-30
IDXX,Health Care,2024-12-31,2025-06-30
HCA,Health Care,2024-12-31,2025-06-30
BSX,Health Care,2025-03-31,2025-09-30
HSIC,Health Care,2024-12-31,2025-06-30
VTRS,Health Care,2024-12-31,2025-06-30
RMD,Health Care,2024-12-31,2025-06-30
COR,Health Care,2024-06-30,2024-12-31
IQV,Health Care,2024-12-31,2025-06-30
