ticker,sector,start_date,end_date
CHRW,Industrials,2025-03-31,2025-09-30
PNR,Industrials,2024-06-30,2024-12-31
UBER,Industrials,2024-09-30,2025-03-31
PWR,Industrials,2024-09-30,2025-03-31
SWK,Industrials,2024-12-31,2025-06-30
XYL,Industrials,2024-12-31,2025-06-30
PH,Industrials,2024-12-31,2025-06-30
LII,Industrials,2024-09-30,2025-03-31
ALLE,Industrials,2025-03-31,2025-09-30
PAYX,Industrials,2025-02-28,2025-08-31
BR,Industrials,2025-03-31,2025-09-30
TXT,Industrials,2024-09-30,2025-03-31
EXPD,Industrials,2024-09-30,2025-03-31
SNA,Industrials,2025-03-31,2025-09-30
RTX,Industrials,2025-03-31,2025-09-30
LUV,Industrials,2024-12-31,2025-06-30
VLTO,Industrials,2024-12-31,2025-06-30
ALLE,Industrials,2024-06-30,2024-12-31
TDG,Industrials,2024-09-30,2025-03-31
HWM,Industrials,2024-12-31,2025-06-30
IEX,Industrials,2024-09-30,2025-03-31
ITW,Industrials,2025-03-31,2025-09-30
BA,Industrials,2024-09-30,2025-03-31
ROL,Industrials,2025-03-31,2025-09-30
PAYC,Industrials,2024-12-31,2025-06-30
CMI,Industrials,2024-09-30,2025-03-31
EFX,Industrials,2025-03-31,2025-09-30
CSX,Industrials,2025-03-31,2025-09-30
NDSN,Industrials,2025-01-31,2025-07-31
ADP,Industrials,2025-03-31,2025-09-30
UPS,Industrials,2024-12-31,2025-06-30
UNP,Industrials,2025-03-31,2025-09-30
LII,Industrials,2025-03-31,2025-09-30
CARR,Industrials,2025-03-31,2025-09-30
ROK,Industrials,2024-09-30,2025-03-31
HON,Industrials,2024-12-31,2025-06-30
SWK,Industrials,2025-03-31,2025-09-30
AME,Industrials,2024-09-30,2025-03-31
IEX,Industrials,2024-06-30,2024-12-31
GNRC,Industrials,2025-03-31,2025-09-30
GEV,Industrials,2024-12-31,2025-06-30
MAS,Industrials,2024-12-31,2025-06-30
BLDR,Industrials,2024-09-30,2025-03-31
NOC,Industrials,2024-09-30,2025-03-31
AXON,Industrials,2025-03-31,2025-09-30
UPS,Industrials,2025-03-31,2025-09-30
LDOS,Industrials,2025-03-31,2025-09-30
EMR,Industrials,2024-03-31,2024-09-30
GD,Industrials,2024-09-30,2025-03-31
PCAR,Industrials,2024-09-30,2025-03-31
GE,Industrials,2025-03-31,2025-09-30
LUV,Industrials,2024-09-30,2025-03-31
DOV,Industrials,2025-03-31,2025-09-30
VRSK,Industrials,2025-03-31,2025-09-30
AXON,Industrials,2024-09-30,2025-03-31
DAL,Industrials,2024-09-30,2025-03-31
JBHT,Industrials,2025-03-31,2025-09-30
EFX,Industrials,2024-09-30,2025-03-31
UNP,Industrials,2024-09-30,2025-03-31
FAST,Industrials,2024-09-30,2025-03-31
PNR,Industrials,2024-09-30,2025-03-31
CTAS,Industrials,2024-11-30,2025-05-31
EME,Industrials,2024-12-31,2025-06-30
LII,Industrials,2024-03-31,2024-09-30
EME,Industrials,2025-03-31,2025-09-30
UAL,Industrials,2024-03-31,2024-09-30
VRSK,Industrials,2024-12-31,2025-06-30
IEX,Industrials,2024-12-31,2025-06-30
HII,Industrials,2024-09-30,2025-03-31
HII,Industrials,2025-03-31,2025-09-30
OTIS,Industrials,2024-12-31,2025-06-30
PWR,Industrials,2024-12-31,2025-06-30
IR,Industrials,2024-09-30,2025-03-31
LHX,Industrials,2025-03-31,2025-09-30
PCAR,Industrials,2024-12-31,2025-06-30
J,Industrials,2024-09-30,2025-03-31
FDX,Industrials,2024-08-31,2025-02-28
LII,Industrials,2024-06-30,2024-12-31
EMR,Industrials,2024-06-30,2024-12-31
MMM,Industrials,2025-03-31,2025-09-30
WAB,Industrials,2025-03-31,2025-09-30
FDX,Industrials,2025-02-28,2025-08-31
J,Industrials,2024-12-31,2025-06-30
PNR,Industrials,2024-12-31,2025-06-30
FTV,Industrials,2024-12-31,2025-06-30
GWW,Industrials,2025-03-31,2025-09-30
PH,Industrials,2024-09-30,2025-03-31
CHRW,Industrials,2024-12-31,2025-06-30
ROK,Industrials,2024-06-30,2024-12-31
PAYX,Industrials,2024-08-31,2025-02-28
ROK,Industrials,2024-03-31,2024-09-30
MAS,Industrials,2024-06-30,2024-12-31
AOS,Industrials,2025-03-31,2025-09-30
DAL,Industrials,2024-12-31,2025-06-30
LDOS,Industrials,2024-09-30,2025-03-31
NOC,Industrials,2024-12-31,2025-06-30
LMT,Industrials,2024-12-31,2025-06-30
EME,Industrials,2024-09-30,2025-03-31
LII,Industrials,2024-12-31,2025-06-30
FTV,Industrials,2024-09-30,2025-03-31
UBER,Industrials,2024-12-31,2025-06-30
TXT,Industrials,2025-03-31,2025-09-30
CARR,Industrials,2024-09-30,2025-03-31
AME,Industrials,2025-03-31,2025-09-30
CAT,Industrials,2024-09-30,2025-03-31
CHRW,Industrials,2024-09-30,2025-03-31
CPRT,Industrials,2025-01-31,2025-07-31
JBHT,Industrials,2024-12-31,2025-06-30
HUBB,Industrials,2025-03-31,2025-09-30
ITW,Industrials,2024-09-30,2025-03-31
BR,Industrials,2024-09-30,2025-03-31
JCI,Industrials,2024-12-31,2025-06-30
GEV,Industrials,2025-03-31,2025-09-30
PAYC,Industrials,2024-09-30,2025-03-31
ITW,Industrials,2024-12-31,2025-06-30
DAY,Industrials,2025-03-31,2025-09-30
IEX,Industrials,2024-03-31,2024-09-30
OTIS,Industrials,2024-09-30,2025-03-31
GNRC,Industrials,2024-12-31,2025-06-30
VRSK,Industrials,2024-06-30,2024-12-31
SWK,Industrials,2024-06-30,2024-12-31
EXPD,Industrials,2024-06-30,2024-12-31
CPRT,Industrials,2024-10-31,2025-04-30
ROK,Industrials,2025-03-31,2025-09-30
UAL,Industrials,2024-09-30,2025-03-31
EXPD,Industrials,2024-12-31,2025-06-30
NSC,Industrials,2024-09-30,2025-03-31
BLDR,Industrials,2024-12-31,2025-06-30
WM,Industrials,2024-09-30,2025-03-31
PAYX,Industrials,2024-11-30,2025-05-31
MMM,Industrials,2024-09-30,2025-03-31
WAB,Industrials,2024-12-31,2025-06-30
HON,Industrials,2024-09-30,2025-03-31
WM,Industrials,2025-03-31,2025-09-30
PNR,Industrials,2025-03-31,2025-09-30
GD,Industrials,2024-12-31,2025-06-30
CAT,Industrials,2024-12-31,2025-06-30
ETN,Industrials,2024-06-30,2024-12-31
UPS,Industrials,2024-03-31,2024-12-31
LMT,Industrials,2025-03-31,2025-09-30
AME,Industrials,2024-12-31,2025-06-30
XYL,Industrials,2024-09-30,2025-03-31
SWK,Industrials,2024-03-31,2024-09-30
BLDR,Industrials,2025-03-31,2025-09-30
ODFL,Industrials,2024-12-31,2025-06-30
AOS,Industrials,2024-12-31,2025-06-30
IR,Industrials,2025-03-31,2025-09-30
CARR,Industrials,2024-12-31,2025-06-30
NDSN,Industrials,2024-07-31,2025-01-31
RSG,Industrials,2024-12-31,2025-06-30
LDOS,Industrials,2024-12-31,2025-06-30
ETN,Industrials,2024-09-30,2025-03-31
LHX,Industrials,2024-12-31,2025-06-30
J,Industrials,2025-03-31,2025-09-30
URI,Industrials,2024-12-31,2025-06-30
ROL,Industrials,2024-09-30,2025-03-31
EMR,Industrials,2024-09-30,2025-03-31
GWW,Industrials,2024-12-31,2025-06-30
ETN,Industrials,2025-03-31,2025-09-30
CSX,Industrials,2024-12-31,2025-06-30
PH,Industrials,2024-03-31,2024-09-30
NSC,Industrials,2024-12-31,2025-06-30
CPRT,Industrials,2024-07-31,2025-01-31
JBHT,Industrials,2024-09-30,2025-03-31
NDSN,Industrials,2024-10-31,2025-04-30
BR,Industrials,2024-12-31,2025-06-30
ROK,Industrials,2024-12-31,2025-06-30
RSG,Industrials,2025-03-31,2025-09-30
FAST,Industrials,2025-03-31,2025-09-30
CTAS,Industrials,2025-02-28,2025-08-31
TDG,Industrials,2025-03-31,2025-09-30
CMI,Industrials,2024-12-31,2025-06-30
GNRC,Industrials,2024-09-30,2025-03-31
ROL,Industrials,2024-12-31,2025-06-30
ODFL,Industrials,2024-09-30,2025-03-31
CSX,Industrials,2024-09-30,2025-03-31
LMT,Industrials,2024-09-30,2025-03-31
PAYC,Industrials,2025-03-31,2025-09-30
AOS,Industrials,2024-09-30,2025-03-31
HWM,Industrials,2025-03-31,2025-09-30
DE,Industrials,2024-10-31,2025-04-30
JCI,Industrials,2025-03-31,2025-09-30
