ticker,sector,start_date,end_date
PANW,Information Technology,2024-10-31,2025-04-30
ORCL,Information Technology,2025-02-28,2025-08-31
SMCI,Information Technology,2024-06-30,2024-12-31
PLTR,Information Technology,2024-12-31,2025-06-30
NVDA,Information Technology,2024-10-31,2025-04-30
TYL,Information Technology,2025-03-31,2025-09-30
AVGO,Information Technology,2024-07-31,2025-01-31
STX,Information Technology,2025-03-31,2025-09-30
DELL,Information Technology,2024-07-31,2025-01-31
WDAY,Information Technology,2024-07-31,2025-01-31
GLW,Information Technology,2024-09-30,2025-03-31
QCOM,Information Technology,2025-03-31,2025-09-30
TER,Information Technology,2024-06-30,2024-12-31
IT,Information Technology,2024-12-31,2025-06-30
CTSH,Information Technology,2024-12-31,2025-06-30
AMAT,Information Technology,2024-07-31,2025-01-31
MSFT,Information Technology,2024-12-31,2025-06-30
INTU,Information Technology,2024-07-31,2025-01-31
Q,Information Technology,2024-12-31,2025-06-30
CRM,Information Technology,2024-07-31,2025-01-31
KLAC,Information Technology,2025-03-31,2025-09-30
INTU,Information Technology,2024-10-31,2025-04-30
CTSH,Information Technology,2024-09-30,2025-03-31
JBL,Information Technology,2024-08-31,2025-02-28
HPQ,Information Technology,2024-07-31,2025-01-31
APP,Information Technology,2024-12-31,2025-06-30
SNPS,Information Technology,2024-10-31,2025-04-30
CRWD,Information Technology,2024-10-31,2025-04-30
NVDA,Information Technology,2025-04-30,2025-10-31
WDAY,Information Technology,2025-01-31,2025-07-31
MPWR,Information Technology,2024-12-31,2025-06-30
IBM,Information Technology,2024-12-31,2025-06-30
MSI,Information Technology,2024-12-31,2025-06-30
KEYS,Information Technology,2024-10-31,2025-04-30
SWKS,Information Technology,2024-09-30,2025-03-31
AKAM,Information Technology,2024-09-30,2025-03-31
VRSN,Information Technology,2024-06-30,2024-12-31
FFIV,Information Technology,2024-12-31,2025-06-30
WDC,Information Technology,2024-12-31,2025-06-30
MPWR,Information Technology,2024-09-30,2025-03-31
STX,Information Technology,2024-12-31,2025-06-30
FSLR,Information Technology,2024-12-31,2025-06-30
HPQ,Information Technology,2025-01-31,2025-07-31
APH,Information Technology,2025-03-31,2025-09-30
APH,Information Technology,2024-12-31,2025-06-30
CDW,Information Technology,2024-09-30,2025-03-31
DDOG,Information Technology,2025-03-31,2025-09-30
MSFT,Information Technology,2024-06-30,2024-12-31
FTNT,Information Technology,2025-03-31,2025-09-30
ON,Information Technology,2024-09-30,2025-03-31
MU,Information Technology,2024-11-30,2025-05-31
HPE,Information Technology,2025-01-31,2025-07-31
TRMB,Information Technology,2024-12-31,2025-06-30
AKAM,Information Technology,2024-12-31,2025-06-30
EPAM,Information Technology,2024-12-31,2025-06-30
IBM,Information Technology,2024-09-30,2025-03-31
ZBRA,Information Technology,2024-09-30,2025-03-31
CRM,Information Technology,2025-01-31,2025-07-31
CSCO,Information Technology,2025-04-30,2025-10-31
TEL,Information Technology,2025-03-31,2025-09-30
ADSK,Information Technology,2024-10-31,2025-04-30
WDAY,Information Technology,2024-10-31,2025-04-30
TDY,Information Technology,2025-03-31,2025-09-30
IT,Information Technology,2024-09-30,2025-03-31
ADBE,Information Technology,2025-02-28,2025-08-31
TRMB,Information Technology,2024-09-30,2025-03-31
TYL,Information Technology,2024-12-31,2025-06-30
CRWD,Information Technology,2025-01-31,2025-07-31
MSI,Information Technology,2024-09-30,2025-03-31
EPAM,Information Technology,2024-09-30,2025-03-31
SMCI,Information Technology,2024-09-30,2025-03-31
ACN,Information Technology,2025-02-28,2025-08-31
ACN,Information Technology,2024-08-31,2025-02-28
GEN,Information Technology,2024-12-31,2025-06-30
MU,Information Technology,2024-08-31,2025-02-28
FSLR,Information Technology,2024-09-30,2025-03-31
AAPL,Information Technology,2024-12-31,2025-06-30
NTAP,Information Technology,2024-07-31,2025-01-31
LRCX,Information Technology,2025-03-31,2025-09-30
MU,Information Technology,2024-02-29,2024-11-30
TXN,Information Technology,2024-12-31,2025-06-30
GDDY,Information Technology,2024-06-30,2024-12-31
GDDY,Information Technology,2025-03-31,2025-09-30
LRCX,Information Technology,2024-06-30,2024-12-31
MSFT,Information Technology,2025-03-31,2025-09-30
CRWD,Information Technology,2024-07-31,2025-01-31
DELL,Information Technology,2024-10-31,2025-04-30
ON,Information Technology,2024-12-31,2025-06-30
ADSK,Information Technology,2024-07-31,2025-01-31
FICO,Information Technology,2024-12-31,2025-06-30
TER,Information Technology,2024-12-31,2025-06-30
ZBRA,Information Technology,2024-12-31,2025-06-30
CSCO,Information Technology,2024-10-31,2025-04-30
HPE,Information Technology,2024-07-31,2025-01-31
FICO,Information Technology,2025-03-31,2025-09-30
SWKS,Information Technology,2025-03-31,2025-09-30
QCOM,Information Technology,2024-12-31,2025-06-30
TXN,Information Technology,2024-09-30,2025-03-31
SMCI,Information Technology,2025-03-31,2025-09-30
ON,Information Technology,2025-03-31,2025-09-30
CDNS,Information Technology,2024-09-30,2025-03-31
CRM,Information Technology,2024-10-31,2025-04-30
TDY,Information Technology,2024-12-31,2025-06-30
NVDA,Information Technology,2025-01-31,2025-07-31
FFIV,Information Technology,2024-06-30,2024-12-31
APP,Information Technology,2025-03-31,2025-09-30
CTSH,Information Technology,2025-03-31,2025-09-30
LRCX,Information Technology,2024-09-30,2025-03-31
TEL,Information Technology,2024-09-30,2025-03-31
CDNS,Information Technology,2025-03-31,2025-09-30
TER,Information Technology,2025-03-31,2025-09-30
TEL,Information Technology,2024-12-31,2025-06-30
AMD,Information Technology,2024-09-30,2025-03-31
INTC,Information Technology,2025-03-31,2025-09-30
PLTR,Information Technology,2025-03-31,2025-09-30
JBL,Information Technology,2025-02-28,2025-08-31
NOW,Information Technology,2025-03-31,2025-09-30
TER,Information Technology,2024-09-30,2025-03-31
NXPI,Information Technology,2024-09-30,2025-03-31
NXPI,Information Technology,2024-12-31,2025-06-30
NXPI,Information Technology,2025-03-31,2025-09-30
ADI,Information Technology,2025-01-31,2025-07-31
VRSN,Information Technology,2024-09-30,2025-03-31
JBL,Information Technology,2024-11-30,2025-05-31
SMCI,Information Technology,2024-12-31,2025-06-30
GDDY,Information Technology,2024-12-31,2025-06-30
SNPS,Information Technology,2025-01-31,2025-07-31
ADBE,Information Technology,2024-11-30,2025-05-31
MCHP,Information Technology,2024-09-30,2025-03-31
CDW,Information Technology,2024-12-31,2025-06-30
KEYS,Information Technology,2024-07-31,2025-01-31
CDNS,Information Technology,2024-12-31,2025-06-30
DDOG,Information Technology,2024-09-30,2025-03-31
GLW,Information Technology,2025-03-31,2025-09-30
MCHP,Information Technology,2024-12-31,2025-06-30
APP,Information Technology,2024-09-30,2025-03-31
PANW,Information Technology,2025-01-31,2025-07-31
ZBRA,Information Technology,2025-03-31,2025-09-30
LRCX,Information Technology,2024-03-31,2024-09-30
KEYS,Information Technology,2025-01-31,2025-07-31
GEN,Information Technology,2025-03-31,2025-09-30
GLW,Information Technology,2024-12-31,2025-06-30
WDC,Information Technology,2025-03-31,2025-09-30
ANET,Information Technology,2024-09-30,2025-03-31
AMD,Information Technology,2025-03-31,2025-09-30
FTNT,Information Technology,2024-12-31,2025-06-30
VRSN,Information Technology,2024-12-31,2025-06-30
INTC,Information Technology,2024-09-30,2025-03-31
AAPL,Information Technology,2024-09-30,2025-03-31
TDY,Information Technology,2024-09-30,2025-03-31
GDDY,Information Technology,2024-09-30,2025-03-31
KLAC,Information Technology,2024-03-31,2024-09-30
WDC,Information Technology,2024-09-30,2025-03-31
DELL,Information Technology,2025-01-31,2025-07-31
SMCI,Information Technology,2024-03-31,2024-09-30
ADI,Information Technology,2024-10-31,2025-04-30
ANET,Information Technology,2025-03-31,2025-09-30
